,owner,img1,img2,target
0,14,forged_bin/NFI-00101014.png,genuine_bin/NFI-01401014.png,0
1,14,forged_bin/NFI-00101014.png,genuine_bin/NFI-01402014.png,0
2,14,forged_bin/NFI-00101014.png,genuine_bin/NFI-01403014.png,0
3,14,forged_bin/NFI-00102014.png,genuine_bin/NFI-01401014.png,0
4,14,forged_bin/NFI-00102014.png,genuine_bin/NFI-01402014.png,0
5,14,forged_bin/NFI-00102014.png,genuine_bin/NFI-01403014.png,0
6,14,forged_bin/NFI-00103014.png,genuine_bin/NFI-01401014.png,0
7,14,forged_bin/NFI-00103014.png,genuine_bin/NFI-01402014.png,0
8,14,forged_bin/NFI-00103014.png,genuine_bin/NFI-01403014.png,0
9,14,forged_bin/NFI-00104014.png,genuine_bin/NFI-01401014.png,0
10,14,forged_bin/NFI-00104014.png,genuine_bin/NFI-01402014.png,0
11,14,forged_bin/NFI-00104014.png,genuine_bin/NFI-01403014.png,0
12,14,forged_bin/NFI-00105014.png,genuine_bin/NFI-01401014.png,0
13,14,forged_bin/NFI-00105014.png,genuine_bin/NFI-01402014.png,0
14,14,forged_bin/NFI-00105014.png,genuine_bin/NFI-01403014.png,0
15,19,forged_bin/NFI-00101019.png,genuine_bin/NFI-01901019.png,0
16,19,forged_bin/NFI-00101019.png,genuine_bin/NFI-01902019.png,0
17,19,forged_bin/NFI-00101019.png,genuine_bin/NFI-01903019.png,0
18,19,forged_bin/NFI-00102019.png,genuine_bin/NFI-01901019.png,0
19,19,forged_bin/NFI-00102019.png,genuine_bin/NFI-01902019.png,0
20,19,forged_bin/NFI-00102019.png,genuine_bin/NFI-01903019.png,0
21,19,forged_bin/NFI-00103019.png,genuine_bin/NFI-01901019.png,0
22,19,forged_bin/NFI-00103019.png,genuine_bin/NFI-01902019.png,0
23,19,forged_bin/NFI-00103019.png,genuine_bin/NFI-01903019.png,0
24,19,forged_bin/NFI-00104019.png,genuine_bin/NFI-01901019.png,0
25,19,forged_bin/NFI-00104019.png,genuine_bin/NFI-01902019.png,0
26,19,forged_bin/NFI-00104019.png,genuine_bin/NFI-01903019.png,0
27,19,forged_bin/NFI-00105019.png,genuine_bin/NFI-01901019.png,0
28,19,forged_bin/NFI-00105019.png,genuine_bin/NFI-01902019.png,0
29,19,forged_bin/NFI-00105019.png,genuine_bin/NFI-01903019.png,0
30,25,forged_bin/NFI-00101025.PNG,genuine_bin/NFI-02501025.PNG,0
31,25,forged_bin/NFI-00101025.PNG,genuine_bin/NFI-02502025.PNG,0
32,25,forged_bin/NFI-00101025.PNG,genuine_bin/NFI-02503025.PNG,0
33,25,forged_bin/NFI-00102025.PNG,genuine_bin/NFI-02501025.PNG,0
34,25,forged_bin/NFI-00102025.PNG,genuine_bin/NFI-02502025.PNG,0
35,25,forged_bin/NFI-00102025.PNG,genuine_bin/NFI-02503025.PNG,0
36,25,forged_bin/NFI-00103025.PNG,genuine_bin/NFI-02501025.PNG,0
37,25,forged_bin/NFI-00103025.PNG,genuine_bin/NFI-02502025.PNG,0
38,25,forged_bin/NFI-00103025.PNG,genuine_bin/NFI-02503025.PNG,0
39,25,forged_bin/NFI-00104025.PNG,genuine_bin/NFI-02501025.PNG,0
40,25,forged_bin/NFI-00104025.PNG,genuine_bin/NFI-02502025.PNG,0
41,25,forged_bin/NFI-00104025.PNG,genuine_bin/NFI-02503025.PNG,0
42,25,forged_bin/NFI-00105025.PNG,genuine_bin/NFI-02501025.PNG,0
43,25,forged_bin/NFI-00105025.PNG,genuine_bin/NFI-02502025.PNG,0
44,25,forged_bin/NFI-00105025.PNG,genuine_bin/NFI-02503025.PNG,0
45,26,forged_bin/NFI-00101026.PNG,genuine_bin/NFI-02601026.PNG,0
46,26,forged_bin/NFI-00101026.PNG,genuine_bin/NFI-02602026.PNG,0
47,26,forged_bin/NFI-00101026.PNG,genuine_bin/NFI-02603026.PNG,0
48,26,forged_bin/NFI-00102026.PNG,genuine_bin/NFI-02601026.PNG,0
49,26,forged_bin/NFI-00102026.PNG,genuine_bin/NFI-02602026.PNG,0
50,26,forged_bin/NFI-00102026.PNG,genuine_bin/NFI-02603026.PNG,0
51,26,forged_bin/NFI-00103026.PNG,genuine_bin/NFI-02601026.PNG,0
52,26,forged_bin/NFI-00103026.PNG,genuine_bin/NFI-02602026.PNG,0
53,26,forged_bin/NFI-00103026.PNG,genuine_bin/NFI-02603026.PNG,0
54,26,forged_bin/NFI-00104026.PNG,genuine_bin/NFI-02601026.PNG,0
55,26,forged_bin/NFI-00104026.PNG,genuine_bin/NFI-02602026.PNG,0
56,26,forged_bin/NFI-00104026.PNG,genuine_bin/NFI-02603026.PNG,0
57,26,forged_bin/NFI-00105026.PNG,genuine_bin/NFI-02601026.PNG,0
58,26,forged_bin/NFI-00105026.PNG,genuine_bin/NFI-02602026.PNG,0
59,26,forged_bin/NFI-00105026.PNG,genuine_bin/NFI-02603026.PNG,0
60,27,forged_bin/NFI-00101027.PNG,genuine_bin/NFI-02701027.PNG,0
61,27,forged_bin/NFI-00101027.PNG,genuine_bin/NFI-02702027.PNG,0
62,27,forged_bin/NFI-00101027.PNG,genuine_bin/NFI-02703027.PNG,0
63,27,forged_bin/NFI-00102027.PNG,genuine_bin/NFI-02701027.PNG,0
64,27,forged_bin/NFI-00102027.PNG,genuine_bin/NFI-02702027.PNG,0
65,27,forged_bin/NFI-00102027.PNG,genuine_bin/NFI-02703027.PNG,0
66,27,forged_bin/NFI-00103027.PNG,genuine_bin/NFI-02701027.PNG,0
67,27,forged_bin/NFI-00103027.PNG,genuine_bin/NFI-02702027.PNG,0
68,27,forged_bin/NFI-00103027.PNG,genuine_bin/NFI-02703027.PNG,0
69,27,forged_bin/NFI-00104027.PNG,genuine_bin/NFI-02701027.PNG,0
70,27,forged_bin/NFI-00104027.PNG,genuine_bin/NFI-02702027.PNG,0
71,27,forged_bin/NFI-00104027.PNG,genuine_bin/NFI-02703027.PNG,0
72,27,forged_bin/NFI-00105027.PNG,genuine_bin/NFI-02701027.PNG,0
73,27,forged_bin/NFI-00105027.PNG,genuine_bin/NFI-02702027.PNG,0
74,27,forged_bin/NFI-00105027.PNG,genuine_bin/NFI-02703027.PNG,0
75,28,forged_bin/NFI-00101028.PNG,genuine_bin/NFI-02801028.PNG,0
76,28,forged_bin/NFI-00101028.PNG,genuine_bin/NFI-02802028.PNG,0
77,28,forged_bin/NFI-00101028.PNG,genuine_bin/NFI-02803028.PNG,0
78,28,forged_bin/NFI-00102028.PNG,genuine_bin/NFI-02801028.PNG,0
79,28,forged_bin/NFI-00102028.PNG,genuine_bin/NFI-02802028.PNG,0
80,28,forged_bin/NFI-00102028.PNG,genuine_bin/NFI-02803028.PNG,0
81,28,forged_bin/NFI-00103028.PNG,genuine_bin/NFI-02801028.PNG,0
82,28,forged_bin/NFI-00103028.PNG,genuine_bin/NFI-02802028.PNG,0
83,28,forged_bin/NFI-00103028.PNG,genuine_bin/NFI-02803028.PNG,0
84,28,forged_bin/NFI-00104028.PNG,genuine_bin/NFI-02801028.PNG,0
85,28,forged_bin/NFI-00104028.PNG,genuine_bin/NFI-02802028.PNG,0
86,28,forged_bin/NFI-00104028.PNG,genuine_bin/NFI-02803028.PNG,0
87,28,forged_bin/NFI-00105028.PNG,genuine_bin/NFI-02801028.PNG,0
88,28,forged_bin/NFI-00105028.PNG,genuine_bin/NFI-02802028.PNG,0
89,28,forged_bin/NFI-00105028.PNG,genuine_bin/NFI-02803028.PNG,0
90,29,forged_bin/NFI-00101029.PNG,genuine_bin/NFI-02901029.PNG,0
91,29,forged_bin/NFI-00101029.PNG,genuine_bin/NFI-02902029.PNG,0
92,29,forged_bin/NFI-00101029.PNG,genuine_bin/NFI-02903029.PNG,0
93,29,forged_bin/NFI-00102029.PNG,genuine_bin/NFI-02901029.PNG,0
94,29,forged_bin/NFI-00102029.PNG,genuine_bin/NFI-02902029.PNG,0
95,29,forged_bin/NFI-00102029.PNG,genuine_bin/NFI-02903029.PNG,0
96,29,forged_bin/NFI-00103029.PNG,genuine_bin/NFI-02901029.PNG,0
97,29,forged_bin/NFI-00103029.PNG,genuine_bin/NFI-02902029.PNG,0
98,29,forged_bin/NFI-00103029.PNG,genuine_bin/NFI-02903029.PNG,0
99,29,forged_bin/NFI-00104029.PNG,genuine_bin/NFI-02901029.PNG,0
100,29,forged_bin/NFI-00104029.PNG,genuine_bin/NFI-02902029.PNG,0
101,29,forged_bin/NFI-00104029.PNG,genuine_bin/NFI-02903029.PNG,0
102,29,forged_bin/NFI-00105029.PNG,genuine_bin/NFI-02901029.PNG,0
103,29,forged_bin/NFI-00105029.PNG,genuine_bin/NFI-02902029.PNG,0
104,29,forged_bin/NFI-00105029.PNG,genuine_bin/NFI-02903029.PNG,0
105,30,forged_bin/NFI-00101030.PNG,genuine_bin/NFI-03001030.PNG,0
106,30,forged_bin/NFI-00101030.PNG,genuine_bin/NFI-03002030.PNG,0
107,30,forged_bin/NFI-00101030.PNG,genuine_bin/NFI-03003030.PNG,0
108,30,forged_bin/NFI-00102030.PNG,genuine_bin/NFI-03001030.PNG,0
109,30,forged_bin/NFI-00102030.PNG,genuine_bin/NFI-03002030.PNG,0
110,30,forged_bin/NFI-00102030.PNG,genuine_bin/NFI-03003030.PNG,0
111,30,forged_bin/NFI-00103030.PNG,genuine_bin/NFI-03001030.PNG,0
112,30,forged_bin/NFI-00103030.PNG,genuine_bin/NFI-03002030.PNG,0
113,30,forged_bin/NFI-00103030.PNG,genuine_bin/NFI-03003030.PNG,0
114,30,forged_bin/NFI-00104030.PNG,genuine_bin/NFI-03001030.PNG,0
115,30,forged_bin/NFI-00104030.PNG,genuine_bin/NFI-03002030.PNG,0
116,30,forged_bin/NFI-00104030.PNG,genuine_bin/NFI-03003030.PNG,0
117,30,forged_bin/NFI-00105030.PNG,genuine_bin/NFI-03001030.PNG,0
118,30,forged_bin/NFI-00105030.PNG,genuine_bin/NFI-03002030.PNG,0
119,30,forged_bin/NFI-00105030.PNG,genuine_bin/NFI-03003030.PNG,0
120,1,forged_bin/NFI-00301001.png,genuine_bin/NFI-00101001.png,0
121,1,forged_bin/NFI-00301001.png,genuine_bin/NFI-00102001.png,0
122,1,forged_bin/NFI-00301001.png,genuine_bin/NFI-00103001.png,0
123,1,forged_bin/NFI-00302001.png,genuine_bin/NFI-00101001.png,0
124,1,forged_bin/NFI-00302001.png,genuine_bin/NFI-00102001.png,0
125,1,forged_bin/NFI-00302001.png,genuine_bin/NFI-00103001.png,0
126,1,forged_bin/NFI-00303001.png,genuine_bin/NFI-00101001.png,0
127,1,forged_bin/NFI-00303001.png,genuine_bin/NFI-00102001.png,0
128,1,forged_bin/NFI-00303001.png,genuine_bin/NFI-00103001.png,0
129,1,forged_bin/NFI-00304001.png,genuine_bin/NFI-00101001.png,0
130,1,forged_bin/NFI-00304001.png,genuine_bin/NFI-00102001.png,0
131,1,forged_bin/NFI-00304001.png,genuine_bin/NFI-00103001.png,0
132,1,forged_bin/NFI-00305001.png,genuine_bin/NFI-00101001.png,0
133,1,forged_bin/NFI-00305001.png,genuine_bin/NFI-00102001.png,0
134,1,forged_bin/NFI-00305001.png,genuine_bin/NFI-00103001.png,0
135,2,forged_bin/NFI-00301002.png,genuine_bin/NFI-00201002.png,0
136,2,forged_bin/NFI-00301002.png,genuine_bin/NFI-00202002.png,0
137,2,forged_bin/NFI-00301002.png,genuine_bin/NFI-00203002.png,0
138,2,forged_bin/NFI-00302002.png,genuine_bin/NFI-00201002.png,0
139,2,forged_bin/NFI-00302002.png,genuine_bin/NFI-00202002.png,0
140,2,forged_bin/NFI-00302002.png,genuine_bin/NFI-00203002.png,0
141,2,forged_bin/NFI-00303002.png,genuine_bin/NFI-00201002.png,0
142,2,forged_bin/NFI-00303002.png,genuine_bin/NFI-00202002.png,0
143,2,forged_bin/NFI-00303002.png,genuine_bin/NFI-00203002.png,0
144,2,forged_bin/NFI-00304002.png,genuine_bin/NFI-00201002.png,0
145,2,forged_bin/NFI-00304002.png,genuine_bin/NFI-00202002.png,0
146,2,forged_bin/NFI-00304002.png,genuine_bin/NFI-00203002.png,0
147,2,forged_bin/NFI-00305002.png,genuine_bin/NFI-00201002.png,0
148,2,forged_bin/NFI-00305002.png,genuine_bin/NFI-00202002.png,0
149,2,forged_bin/NFI-00305002.png,genuine_bin/NFI-00203002.png,0
150,5,forged_bin/NFI-00301005.png,genuine_bin/NFI-00501005.png,0
151,5,forged_bin/NFI-00301005.png,genuine_bin/NFI-00502005.png,0
152,5,forged_bin/NFI-00301005.png,genuine_bin/NFI-00503005.png,0
153,5,forged_bin/NFI-00302005.png,genuine_bin/NFI-00501005.png,0
154,5,forged_bin/NFI-00302005.png,genuine_bin/NFI-00502005.png,0
155,5,forged_bin/NFI-00302005.png,genuine_bin/NFI-00503005.png,0
156,5,forged_bin/NFI-00303005.png,genuine_bin/NFI-00501005.png,0
157,5,forged_bin/NFI-00303005.png,genuine_bin/NFI-00502005.png,0
158,5,forged_bin/NFI-00303005.png,genuine_bin/NFI-00503005.png,0
159,5,forged_bin/NFI-00304005.png,genuine_bin/NFI-00501005.png,0
160,5,forged_bin/NFI-00304005.png,genuine_bin/NFI-00502005.png,0
161,5,forged_bin/NFI-00304005.png,genuine_bin/NFI-00503005.png,0
162,5,forged_bin/NFI-00305005.png,genuine_bin/NFI-00501005.png,0
163,5,forged_bin/NFI-00305005.png,genuine_bin/NFI-00502005.png,0
164,5,forged_bin/NFI-00305005.png,genuine_bin/NFI-00503005.png,0
165,9,forged_bin/NFI-00301009.png,genuine_bin/NFI-00901009.png,0
166,9,forged_bin/NFI-00301009.png,genuine_bin/NFI-00902009.png,0
167,9,forged_bin/NFI-00301009.png,genuine_bin/NFI-00903009.png,0
168,9,forged_bin/NFI-00302009.png,genuine_bin/NFI-00901009.png,0
169,9,forged_bin/NFI-00302009.png,genuine_bin/NFI-00902009.png,0
170,9,forged_bin/NFI-00302009.png,genuine_bin/NFI-00903009.png,0
171,9,forged_bin/NFI-00303009.png,genuine_bin/NFI-00901009.png,0
172,9,forged_bin/NFI-00303009.png,genuine_bin/NFI-00902009.png,0
173,9,forged_bin/NFI-00303009.png,genuine_bin/NFI-00903009.png,0
174,9,forged_bin/NFI-00304009.png,genuine_bin/NFI-00901009.png,0
175,9,forged_bin/NFI-00304009.png,genuine_bin/NFI-00902009.png,0
176,9,forged_bin/NFI-00304009.png,genuine_bin/NFI-00903009.png,0
177,9,forged_bin/NFI-00305009.png,genuine_bin/NFI-00901009.png,0
178,9,forged_bin/NFI-00305009.png,genuine_bin/NFI-00902009.png,0
179,9,forged_bin/NFI-00305009.png,genuine_bin/NFI-00903009.png,0
180,18,forged_bin/NFI-00301018.png,genuine_bin/NFI-01801018.png,0
181,18,forged_bin/NFI-00301018.png,genuine_bin/NFI-01802018.png,0
182,18,forged_bin/NFI-00301018.png,genuine_bin/NFI-01803018.png,0
183,18,forged_bin/NFI-00302018.png,genuine_bin/NFI-01801018.png,0
184,18,forged_bin/NFI-00302018.png,genuine_bin/NFI-01802018.png,0
185,18,forged_bin/NFI-00302018.png,genuine_bin/NFI-01803018.png,0
186,18,forged_bin/NFI-00303018.png,genuine_bin/NFI-01801018.png,0
187,18,forged_bin/NFI-00303018.png,genuine_bin/NFI-01802018.png,0
188,18,forged_bin/NFI-00303018.png,genuine_bin/NFI-01803018.png,0
189,18,forged_bin/NFI-00304018.png,genuine_bin/NFI-01801018.png,0
190,18,forged_bin/NFI-00304018.png,genuine_bin/NFI-01802018.png,0
191,18,forged_bin/NFI-00304018.png,genuine_bin/NFI-01803018.png,0
192,18,forged_bin/NFI-00305018.png,genuine_bin/NFI-01801018.png,0
193,18,forged_bin/NFI-00305018.png,genuine_bin/NFI-01802018.png,0
194,18,forged_bin/NFI-00305018.png,genuine_bin/NFI-01803018.png,0
195,3,forged_bin/NFI-00401003.png,genuine_bin/NFI-00301003.png,0
196,3,forged_bin/NFI-00401003.png,genuine_bin/NFI-00302003.png,0
197,3,forged_bin/NFI-00401003.png,genuine_bin/NFI-00303003.png,0
198,3,forged_bin/NFI-00402003.png,genuine_bin/NFI-00301003.png,0
199,3,forged_bin/NFI-00402003.png,genuine_bin/NFI-00302003.png,0
200,3,forged_bin/NFI-00402003.png,genuine_bin/NFI-00303003.png,0
201,3,forged_bin/NFI-00403003.png,genuine_bin/NFI-00301003.png,0
202,3,forged_bin/NFI-00403003.png,genuine_bin/NFI-00302003.png,0
203,3,forged_bin/NFI-00403003.png,genuine_bin/NFI-00303003.png,0
204,3,forged_bin/NFI-00404003.png,genuine_bin/NFI-00301003.png,0
205,3,forged_bin/NFI-00404003.png,genuine_bin/NFI-00302003.png,0
206,3,forged_bin/NFI-00404003.png,genuine_bin/NFI-00303003.png,0
207,3,forged_bin/NFI-00405003.png,genuine_bin/NFI-00301003.png,0
208,3,forged_bin/NFI-00405003.png,genuine_bin/NFI-00302003.png,0
209,3,forged_bin/NFI-00405003.png,genuine_bin/NFI-00303003.png,0
210,7,forged_bin/NFI-00401007.png,genuine_bin/NFI-00701007.png,0
211,7,forged_bin/NFI-00401007.png,genuine_bin/NFI-00702007.png,0
212,7,forged_bin/NFI-00401007.png,genuine_bin/NFI-00703007.png,0
213,7,forged_bin/NFI-00402007.png,genuine_bin/NFI-00701007.png,0
214,7,forged_bin/NFI-00402007.png,genuine_bin/NFI-00702007.png,0
215,7,forged_bin/NFI-00402007.png,genuine_bin/NFI-00703007.png,0
216,7,forged_bin/NFI-00403007.png,genuine_bin/NFI-00701007.png,0
217,7,forged_bin/NFI-00403007.png,genuine_bin/NFI-00702007.png,0
218,7,forged_bin/NFI-00403007.png,genuine_bin/NFI-00703007.png,0
219,7,forged_bin/NFI-00404007.png,genuine_bin/NFI-00701007.png,0
220,7,forged_bin/NFI-00404007.png,genuine_bin/NFI-00702007.png,0
221,7,forged_bin/NFI-00404007.png,genuine_bin/NFI-00703007.png,0
222,7,forged_bin/NFI-00405007.png,genuine_bin/NFI-00701007.png,0
223,7,forged_bin/NFI-00405007.png,genuine_bin/NFI-00702007.png,0
224,7,forged_bin/NFI-00405007.png,genuine_bin/NFI-00703007.png,0
225,13,forged_bin/NFI-00401013.png,genuine_bin/NFI-01301013.png,0
226,13,forged_bin/NFI-00401013.png,genuine_bin/NFI-01302013.png,0
227,13,forged_bin/NFI-00401013.png,genuine_bin/NFI-01303013.png,0
228,13,forged_bin/NFI-00402013.png,genuine_bin/NFI-01301013.png,0
229,13,forged_bin/NFI-00402013.png,genuine_bin/NFI-01302013.png,0
230,13,forged_bin/NFI-00402013.png,genuine_bin/NFI-01303013.png,0
231,13,forged_bin/NFI-00403013.png,genuine_bin/NFI-01301013.png,0
232,13,forged_bin/NFI-00403013.png,genuine_bin/NFI-01302013.png,0
233,13,forged_bin/NFI-00403013.png,genuine_bin/NFI-01303013.png,0
234,13,forged_bin/NFI-00404013.png,genuine_bin/NFI-01301013.png,0
235,13,forged_bin/NFI-00404013.png,genuine_bin/NFI-01302013.png,0
236,13,forged_bin/NFI-00404013.png,genuine_bin/NFI-01303013.png,0
237,13,forged_bin/NFI-00405013.png,genuine_bin/NFI-01301013.png,0
238,13,forged_bin/NFI-00405013.png,genuine_bin/NFI-01302013.png,0
239,13,forged_bin/NFI-00405013.png,genuine_bin/NFI-01303013.png,0
240,24,forged_bin/NFI-00401024.png,genuine_bin/NFI-02401024.png,0
241,24,forged_bin/NFI-00401024.png,genuine_bin/NFI-02402024.png,0
242,24,forged_bin/NFI-00401024.png,genuine_bin/NFI-02403024.png,0
243,24,forged_bin/NFI-00402024.png,genuine_bin/NFI-02401024.png,0
244,24,forged_bin/NFI-00402024.png,genuine_bin/NFI-02402024.png,0
245,24,forged_bin/NFI-00402024.png,genuine_bin/NFI-02403024.png,0
246,24,forged_bin/NFI-00403024.png,genuine_bin/NFI-02401024.png,0
247,24,forged_bin/NFI-00403024.png,genuine_bin/NFI-02402024.png,0
248,24,forged_bin/NFI-00403024.png,genuine_bin/NFI-02403024.png,0
249,24,forged_bin/NFI-00404024.png,genuine_bin/NFI-02401024.png,0
250,24,forged_bin/NFI-00404024.png,genuine_bin/NFI-02402024.png,0
251,24,forged_bin/NFI-00404024.png,genuine_bin/NFI-02403024.png,0
252,24,forged_bin/NFI-00405024.png,genuine_bin/NFI-02401024.png,0
253,24,forged_bin/NFI-00405024.png,genuine_bin/NFI-02402024.png,0
254,24,forged_bin/NFI-00405024.png,genuine_bin/NFI-02403024.png,0
255,15,forged_bin/NFI-00501015.png,genuine_bin/NFI-01501015.png,0
256,15,forged_bin/NFI-00501015.png,genuine_bin/NFI-01502015.png,0
257,15,forged_bin/NFI-00501015.png,genuine_bin/NFI-01503015.png,0
258,15,forged_bin/NFI-00502015.png,genuine_bin/NFI-01501015.png,0
259,15,forged_bin/NFI-00502015.png,genuine_bin/NFI-01502015.png,0
260,15,forged_bin/NFI-00502015.png,genuine_bin/NFI-01503015.png,0
261,15,forged_bin/NFI-00503015.png,genuine_bin/NFI-01501015.png,0
262,15,forged_bin/NFI-00503015.png,genuine_bin/NFI-01502015.png,0
263,15,forged_bin/NFI-00503015.png,genuine_bin/NFI-01503015.png,0
264,15,forged_bin/NFI-00504015.png,genuine_bin/NFI-01501015.png,0
265,15,forged_bin/NFI-00504015.png,genuine_bin/NFI-01502015.png,0
266,15,forged_bin/NFI-00504015.png,genuine_bin/NFI-01503015.png,0
267,15,forged_bin/NFI-00505015.png,genuine_bin/NFI-01501015.png,0
268,15,forged_bin/NFI-00505015.png,genuine_bin/NFI-01502015.png,0
269,15,forged_bin/NFI-00505015.png,genuine_bin/NFI-01503015.png,0
270,22,forged_bin/NFI-00501022.png,genuine_bin/NFI-02201022.png,0
271,22,forged_bin/NFI-00501022.png,genuine_bin/NFI-02202022.png,0
272,22,forged_bin/NFI-00501022.png,genuine_bin/NFI-02203022.png,0
273,22,forged_bin/NFI-00502022.png,genuine_bin/NFI-02201022.png,0
274,22,forged_bin/NFI-00502022.png,genuine_bin/NFI-02202022.png,0
275,22,forged_bin/NFI-00502022.png,genuine_bin/NFI-02203022.png,0
276,22,forged_bin/NFI-00503022.png,genuine_bin/NFI-02201022.png,0
277,22,forged_bin/NFI-00503022.png,genuine_bin/NFI-02202022.png,0
278,22,forged_bin/NFI-00503022.png,genuine_bin/NFI-02203022.png,0
279,22,forged_bin/NFI-00504022.png,genuine_bin/NFI-02201022.png,0
280,22,forged_bin/NFI-00504022.png,genuine_bin/NFI-02202022.png,0
281,22,forged_bin/NFI-00504022.png,genuine_bin/NFI-02203022.png,0
282,22,forged_bin/NFI-00505022.png,genuine_bin/NFI-02201022.png,0
283,22,forged_bin/NFI-00505022.png,genuine_bin/NFI-02202022.png,0
284,22,forged_bin/NFI-00505022.png,genuine_bin/NFI-02203022.png,0
285,11,forged_bin/NFI-00701011.png,genuine_bin/NFI-01101011.png,0
286,11,forged_bin/NFI-00701011.png,genuine_bin/NFI-01102011.png,0
287,11,forged_bin/NFI-00701011.png,genuine_bin/NFI-01103011.png,0
288,11,forged_bin/NFI-00702011.png,genuine_bin/NFI-01101011.png,0
289,11,forged_bin/NFI-00702011.png,genuine_bin/NFI-01102011.png,0
290,11,forged_bin/NFI-00702011.png,genuine_bin/NFI-01103011.png,0
291,11,forged_bin/NFI-00703011.png,genuine_bin/NFI-01101011.png,0
292,11,forged_bin/NFI-00703011.png,genuine_bin/NFI-01102011.png,0
293,11,forged_bin/NFI-00703011.png,genuine_bin/NFI-01103011.png,0
294,11,forged_bin/NFI-00704011.png,genuine_bin/NFI-01101011.png,0
295,11,forged_bin/NFI-00704011.png,genuine_bin/NFI-01102011.png,0
296,11,forged_bin/NFI-00704011.png,genuine_bin/NFI-01103011.png,0
297,11,forged_bin/NFI-00705011.png,genuine_bin/NFI-01101011.png,0
298,11,forged_bin/NFI-00705011.png,genuine_bin/NFI-01102011.png,0
299,11,forged_bin/NFI-00705011.png,genuine_bin/NFI-01103011.png,0
300,23,forged_bin/NFI-00701023.png,genuine_bin/NFI-02301023.png,0
301,23,forged_bin/NFI-00701023.png,genuine_bin/NFI-02302023.png,0
302,23,forged_bin/NFI-00701023.png,genuine_bin/NFI-02303023.png,0
303,23,forged_bin/NFI-00702023.png,genuine_bin/NFI-02301023.png,0
304,23,forged_bin/NFI-00702023.png,genuine_bin/NFI-02302023.png,0
305,23,forged_bin/NFI-00702023.png,genuine_bin/NFI-02303023.png,0
306,23,forged_bin/NFI-00703023.png,genuine_bin/NFI-02301023.png,0
307,23,forged_bin/NFI-00703023.png,genuine_bin/NFI-02302023.png,0
308,23,forged_bin/NFI-00703023.png,genuine_bin/NFI-02303023.png,0
309,23,forged_bin/NFI-00704023.png,genuine_bin/NFI-02301023.png,0
310,23,forged_bin/NFI-00704023.png,genuine_bin/NFI-02302023.png,0
311,23,forged_bin/NFI-00704023.png,genuine_bin/NFI-02303023.png,0
312,23,forged_bin/NFI-00705023.png,genuine_bin/NFI-02301023.png,0
313,23,forged_bin/NFI-00705023.png,genuine_bin/NFI-02302023.png,0
314,23,forged_bin/NFI-00705023.png,genuine_bin/NFI-02303023.png,0
315,12,forged_bin/NFI-01101012.png,genuine_bin/NFI-01201012.png,0
316,12,forged_bin/NFI-01101012.png,genuine_bin/NFI-01202012.png,0
317,12,forged_bin/NFI-01101012.png,genuine_bin/NFI-01203012.png,0
318,12,forged_bin/NFI-01102012.png,genuine_bin/NFI-01201012.png,0
319,12,forged_bin/NFI-01102012.png,genuine_bin/NFI-01202012.png,0
320,12,forged_bin/NFI-01102012.png,genuine_bin/NFI-01203012.png,0
321,12,forged_bin/NFI-01103012.png,genuine_bin/NFI-01201012.png,0
322,12,forged_bin/NFI-01103012.png,genuine_bin/NFI-01202012.png,0
323,12,forged_bin/NFI-01103012.png,genuine_bin/NFI-01203012.png,0
324,12,forged_bin/NFI-01104012.png,genuine_bin/NFI-01201012.png,0
325,12,forged_bin/NFI-01104012.png,genuine_bin/NFI-01202012.png,0
326,12,forged_bin/NFI-01104012.png,genuine_bin/NFI-01203012.png,0
327,12,forged_bin/NFI-01105012.png,genuine_bin/NFI-01201012.png,0
328,12,forged_bin/NFI-01105012.png,genuine_bin/NFI-01202012.png,0
329,12,forged_bin/NFI-01105012.png,genuine_bin/NFI-01203012.png,0
330,16,forged_bin/NFI-01101016.png,genuine_bin/NFI-01601016.png,0
331,16,forged_bin/NFI-01101016.png,genuine_bin/NFI-01602016.png,0
332,16,forged_bin/NFI-01101016.png,genuine_bin/NFI-01603016.png,0
333,16,forged_bin/NFI-01102016.png,genuine_bin/NFI-01601016.png,0
334,16,forged_bin/NFI-01102016.png,genuine_bin/NFI-01602016.png,0
335,16,forged_bin/NFI-01102016.png,genuine_bin/NFI-01603016.png,0
336,16,forged_bin/NFI-01103016.png,genuine_bin/NFI-01601016.png,0
337,16,forged_bin/NFI-01103016.png,genuine_bin/NFI-01602016.png,0
338,16,forged_bin/NFI-01103016.png,genuine_bin/NFI-01603016.png,0
339,16,forged_bin/NFI-01104016.png,genuine_bin/NFI-01601016.png,0
340,16,forged_bin/NFI-01104016.png,genuine_bin/NFI-01602016.png,0
341,16,forged_bin/NFI-01104016.png,genuine_bin/NFI-01603016.png,0
342,16,forged_bin/NFI-01105016.png,genuine_bin/NFI-01601016.png,0
343,16,forged_bin/NFI-01105016.png,genuine_bin/NFI-01602016.png,0
344,16,forged_bin/NFI-01105016.png,genuine_bin/NFI-01603016.png,0
345,21,forged_bin/NFI-01201021.png,genuine_bin/NFI-02101021.png,0
346,21,forged_bin/NFI-01201021.png,genuine_bin/NFI-02102021.png,0
347,21,forged_bin/NFI-01201021.png,genuine_bin/NFI-02103021.png,0
348,21,forged_bin/NFI-01202021.png,genuine_bin/NFI-02101021.png,0
349,21,forged_bin/NFI-01202021.png,genuine_bin/NFI-02102021.png,0
350,21,forged_bin/NFI-01202021.png,genuine_bin/NFI-02103021.png,0
351,21,forged_bin/NFI-01203021.png,genuine_bin/NFI-02101021.png,0
352,21,forged_bin/NFI-01203021.png,genuine_bin/NFI-02102021.png,0
353,21,forged_bin/NFI-01203021.png,genuine_bin/NFI-02103021.png,0
354,21,forged_bin/NFI-01204021.png,genuine_bin/NFI-02101021.png,0
355,21,forged_bin/NFI-01204021.png,genuine_bin/NFI-02102021.png,0
356,21,forged_bin/NFI-01204021.png,genuine_bin/NFI-02103021.png,0
357,21,forged_bin/NFI-01205021.png,genuine_bin/NFI-02101021.png,0
358,21,forged_bin/NFI-01205021.png,genuine_bin/NFI-02102021.png,0
359,21,forged_bin/NFI-01205021.png,genuine_bin/NFI-02103021.png,0
360,17,forged_bin/NFI-01301017.png,genuine_bin/NFI-01701017.png,0
361,17,forged_bin/NFI-01301017.png,genuine_bin/NFI-01702017.png,0
362,17,forged_bin/NFI-01301017.png,genuine_bin/NFI-01703017.png,0
363,17,forged_bin/NFI-01302017.png,genuine_bin/NFI-01701017.png,0
364,17,forged_bin/NFI-01302017.png,genuine_bin/NFI-01702017.png,0
365,17,forged_bin/NFI-01302017.png,genuine_bin/NFI-01703017.png,0
366,17,forged_bin/NFI-01303017.png,genuine_bin/NFI-01701017.png,0
367,17,forged_bin/NFI-01303017.png,genuine_bin/NFI-01702017.png,0
368,17,forged_bin/NFI-01303017.png,genuine_bin/NFI-01703017.png,0
369,17,forged_bin/NFI-01304017.png,genuine_bin/NFI-01701017.png,0
370,17,forged_bin/NFI-01304017.png,genuine_bin/NFI-01702017.png,0
371,17,forged_bin/NFI-01304017.png,genuine_bin/NFI-01703017.png,0
372,17,forged_bin/NFI-01305017.png,genuine_bin/NFI-01701017.png,0
373,17,forged_bin/NFI-01305017.png,genuine_bin/NFI-01702017.png,0
374,17,forged_bin/NFI-01305017.png,genuine_bin/NFI-01703017.png,0
375,20,forged_bin/NFI-01701020.png,genuine_bin/NFI-02001020.png,0
376,20,forged_bin/NFI-01701020.png,genuine_bin/NFI-02002020.png,0
377,20,forged_bin/NFI-01701020.png,genuine_bin/NFI-02003020.png,0
378,20,forged_bin/NFI-01702020.png,genuine_bin/NFI-02001020.png,0
379,20,forged_bin/NFI-01702020.png,genuine_bin/NFI-02002020.png,0
380,20,forged_bin/NFI-01702020.png,genuine_bin/NFI-02003020.png,0
381,20,forged_bin/NFI-01703020.png,genuine_bin/NFI-02001020.png,0
382,20,forged_bin/NFI-01703020.png,genuine_bin/NFI-02002020.png,0
383,20,forged_bin/NFI-01703020.png,genuine_bin/NFI-02003020.png,0
384,20,forged_bin/NFI-01704020.png,genuine_bin/NFI-02001020.png,0
385,20,forged_bin/NFI-01704020.png,genuine_bin/NFI-02002020.png,0
386,20,forged_bin/NFI-01704020.png,genuine_bin/NFI-02003020.png,0
387,20,forged_bin/NFI-01705020.png,genuine_bin/NFI-02001020.png,0
388,20,forged_bin/NFI-01705020.png,genuine_bin/NFI-02002020.png,0
389,20,forged_bin/NFI-01705020.png,genuine_bin/NFI-02003020.png,0
390,8,forged_bin/NFI-02301008.png,genuine_bin/NFI-00801008.png,0
391,8,forged_bin/NFI-02301008.png,genuine_bin/NFI-00802008.png,0
392,8,forged_bin/NFI-02301008.png,genuine_bin/NFI-00803008.png,0
393,8,forged_bin/NFI-02303008.png,genuine_bin/NFI-00801008.png,0
394,8,forged_bin/NFI-02303008.png,genuine_bin/NFI-00802008.png,0
395,8,forged_bin/NFI-02303008.png,genuine_bin/NFI-00803008.png,0
396,8,forged_bin/NFI-02304008.png,genuine_bin/NFI-00801008.png,0
397,8,forged_bin/NFI-02304008.png,genuine_bin/NFI-00802008.png,0
398,8,forged_bin/NFI-02304008.png,genuine_bin/NFI-00803008.png,0
399,8,forged_bin/NFI-02305008.png,genuine_bin/NFI-00801008.png,0
400,8,forged_bin/NFI-02305008.png,genuine_bin/NFI-00802008.png,0
401,8,forged_bin/NFI-02305008.png,genuine_bin/NFI-00803008.png,0
402,8,forged_bin/NFI-02306008.png,genuine_bin/NFI-00801008.png,0
403,8,forged_bin/NFI-02306008.png,genuine_bin/NFI-00802008.png,0
404,8,forged_bin/NFI-02306008.png,genuine_bin/NFI-00803008.png,0
405,10,forged_bin/NFI-02501010.png,genuine_bin/NFI-01001010.png,0
406,10,forged_bin/NFI-02501010.png,genuine_bin/NFI-01002010.png,0
407,10,forged_bin/NFI-02501010.png,genuine_bin/NFI-01003010.png,0
408,10,forged_bin/NFI-02502010.png,genuine_bin/NFI-01001010.png,0
409,10,forged_bin/NFI-02502010.png,genuine_bin/NFI-01002010.png,0
410,10,forged_bin/NFI-02502010.png,genuine_bin/NFI-01003010.png,0
411,10,forged_bin/NFI-02503010.png,genuine_bin/NFI-01001010.png,0
412,10,forged_bin/NFI-02503010.png,genuine_bin/NFI-01002010.png,0
413,10,forged_bin/NFI-02503010.png,genuine_bin/NFI-01003010.png,0
414,10,forged_bin/NFI-02504010.png,genuine_bin/NFI-01001010.png,0
415,10,forged_bin/NFI-02504010.png,genuine_bin/NFI-01002010.png,0
416,10,forged_bin/NFI-02504010.png,genuine_bin/NFI-01003010.png,0
417,6,forged_bin/NFI-03301006.png,genuine_bin/NFI-00601006.png,0
418,6,forged_bin/NFI-03301006.png,genuine_bin/NFI-00602006.png,0
419,6,forged_bin/NFI-03301006.png,genuine_bin/NFI-00603006.png,0
420,6,forged_bin/NFI-03302006.png,genuine_bin/NFI-00601006.png,0
421,6,forged_bin/NFI-03302006.png,genuine_bin/NFI-00602006.png,0
422,6,forged_bin/NFI-03302006.png,genuine_bin/NFI-00603006.png,0
423,6,forged_bin/NFI-03303006.png,genuine_bin/NFI-00601006.png,0
424,6,forged_bin/NFI-03303006.png,genuine_bin/NFI-00602006.png,0
425,6,forged_bin/NFI-03303006.png,genuine_bin/NFI-00603006.png,0
426,6,forged_bin/NFI-03304006.png,genuine_bin/NFI-00601006.png,0
427,6,forged_bin/NFI-03304006.png,genuine_bin/NFI-00602006.png,0
428,6,forged_bin/NFI-03304006.png,genuine_bin/NFI-00603006.png,0
429,6,forged_bin/NFI-03305006.png,genuine_bin/NFI-00601006.png,0
430,6,forged_bin/NFI-03305006.png,genuine_bin/NFI-00602006.png,0
431,6,forged_bin/NFI-03305006.png,genuine_bin/NFI-00603006.png,0
432,4,forged_bin/NFI-08801004.png,genuine_bin/NFI-00401004.png,0
433,4,forged_bin/NFI-08801004.png,genuine_bin/NFI-00402004.png,0
434,4,forged_bin/NFI-08801004.png,genuine_bin/NFI-00403004.png,0
435,4,forged_bin/NFI-08802004.png,genuine_bin/NFI-00401004.png,0
436,4,forged_bin/NFI-08802004.png,genuine_bin/NFI-00402004.png,0
437,4,forged_bin/NFI-08802004.png,genuine_bin/NFI-00403004.png,0
438,4,forged_bin/NFI-08803004.png,genuine_bin/NFI-00401004.png,0
439,4,forged_bin/NFI-08803004.png,genuine_bin/NFI-00402004.png,0
440,4,forged_bin/NFI-08803004.png,genuine_bin/NFI-00403004.png,0
441,4,forged_bin/NFI-08804004.png,genuine_bin/NFI-00401004.png,0
442,4,forged_bin/NFI-08804004.png,genuine_bin/NFI-00402004.png,0
443,4,forged_bin/NFI-08804004.png,genuine_bin/NFI-00403004.png,0
444,4,forged_bin/NFI-08805004.png,genuine_bin/NFI-00401004.png,0
445,4,forged_bin/NFI-08805004.png,genuine_bin/NFI-00402004.png,0
446,4,forged_bin/NFI-08805004.png,genuine_bin/NFI-00403004.png,0
0,1,genuine_bin/NFI-00101001.png,genuine_bin/NFI-00102001.png,1
1,1,genuine_bin/NFI-00101001.png,genuine_bin/NFI-00103001.png,1
2,1,genuine_bin/NFI-00101001.png,genuine_bin/NFI-00104001.png,1
3,1,genuine_bin/NFI-00101001.png,genuine_bin/NFI-00105001.png,1
4,1,genuine_bin/NFI-00102001.png,genuine_bin/NFI-00103001.png,1
5,1,genuine_bin/NFI-00102001.png,genuine_bin/NFI-00104001.png,1
6,1,genuine_bin/NFI-00102001.png,genuine_bin/NFI-00105001.png,1
7,1,genuine_bin/NFI-00103001.png,genuine_bin/NFI-00104001.png,1
8,1,genuine_bin/NFI-00103001.png,genuine_bin/NFI-00105001.png,1
9,1,genuine_bin/NFI-00104001.png,genuine_bin/NFI-00105001.png,1
10,2,genuine_bin/NFI-00201002.png,genuine_bin/NFI-00202002.png,1
11,2,genuine_bin/NFI-00201002.png,genuine_bin/NFI-00203002.png,1
12,2,genuine_bin/NFI-00201002.png,genuine_bin/NFI-00204002.png,1
13,2,genuine_bin/NFI-00201002.png,genuine_bin/NFI-00205002.png,1
14,2,genuine_bin/NFI-00202002.png,genuine_bin/NFI-00203002.png,1
15,2,genuine_bin/NFI-00202002.png,genuine_bin/NFI-00204002.png,1
16,2,genuine_bin/NFI-00202002.png,genuine_bin/NFI-00205002.png,1
17,2,genuine_bin/NFI-00203002.png,genuine_bin/NFI-00204002.png,1
18,2,genuine_bin/NFI-00203002.png,genuine_bin/NFI-00205002.png,1
19,2,genuine_bin/NFI-00204002.png,genuine_bin/NFI-00205002.png,1
20,3,genuine_bin/NFI-00301003.png,genuine_bin/NFI-00302003.png,1
21,3,genuine_bin/NFI-00301003.png,genuine_bin/NFI-00303003.png,1
22,3,genuine_bin/NFI-00301003.png,genuine_bin/NFI-00304003.png,1
23,3,genuine_bin/NFI-00301003.png,genuine_bin/NFI-00305003.png,1
24,3,genuine_bin/NFI-00302003.png,genuine_bin/NFI-00303003.png,1
25,3,genuine_bin/NFI-00302003.png,genuine_bin/NFI-00304003.png,1
26,3,genuine_bin/NFI-00302003.png,genuine_bin/NFI-00305003.png,1
27,3,genuine_bin/NFI-00303003.png,genuine_bin/NFI-00304003.png,1
28,3,genuine_bin/NFI-00303003.png,genuine_bin/NFI-00305003.png,1
29,3,genuine_bin/NFI-00304003.png,genuine_bin/NFI-00305003.png,1
30,4,genuine_bin/NFI-00401004.png,genuine_bin/NFI-00402004.png,1
31,4,genuine_bin/NFI-00401004.png,genuine_bin/NFI-00403004.png,1
32,4,genuine_bin/NFI-00401004.png,genuine_bin/NFI-00404004.png,1
33,4,genuine_bin/NFI-00401004.png,genuine_bin/NFI-00405004.png,1
34,4,genuine_bin/NFI-00402004.png,genuine_bin/NFI-00403004.png,1
35,4,genuine_bin/NFI-00402004.png,genuine_bin/NFI-00404004.png,1
36,4,genuine_bin/NFI-00402004.png,genuine_bin/NFI-00405004.png,1
37,4,genuine_bin/NFI-00403004.png,genuine_bin/NFI-00404004.png,1
38,4,genuine_bin/NFI-00403004.png,genuine_bin/NFI-00405004.png,1
39,4,genuine_bin/NFI-00404004.png,genuine_bin/NFI-00405004.png,1
40,5,genuine_bin/NFI-00501005.png,genuine_bin/NFI-00502005.png,1
41,5,genuine_bin/NFI-00501005.png,genuine_bin/NFI-00503005.png,1
42,5,genuine_bin/NFI-00501005.png,genuine_bin/NFI-00504005.png,1
43,5,genuine_bin/NFI-00501005.png,genuine_bin/NFI-00505005.png,1
44,5,genuine_bin/NFI-00502005.png,genuine_bin/NFI-00503005.png,1
45,5,genuine_bin/NFI-00502005.png,genuine_bin/NFI-00504005.png,1
46,5,genuine_bin/NFI-00502005.png,genuine_bin/NFI-00505005.png,1
47,5,genuine_bin/NFI-00503005.png,genuine_bin/NFI-00504005.png,1
48,5,genuine_bin/NFI-00503005.png,genuine_bin/NFI-00505005.png,1
49,5,genuine_bin/NFI-00504005.png,genuine_bin/NFI-00505005.png,1
50,6,genuine_bin/NFI-00601006.png,genuine_bin/NFI-00602006.png,1
51,6,genuine_bin/NFI-00601006.png,genuine_bin/NFI-00603006.png,1
52,6,genuine_bin/NFI-00601006.png,genuine_bin/NFI-00604006.png,1
53,6,genuine_bin/NFI-00601006.png,genuine_bin/NFI-00605006.png,1
54,6,genuine_bin/NFI-00602006.png,genuine_bin/NFI-00603006.png,1
55,6,genuine_bin/NFI-00602006.png,genuine_bin/NFI-00604006.png,1
56,6,genuine_bin/NFI-00602006.png,genuine_bin/NFI-00605006.png,1
57,6,genuine_bin/NFI-00603006.png,genuine_bin/NFI-00604006.png,1
58,6,genuine_bin/NFI-00603006.png,genuine_bin/NFI-00605006.png,1
59,6,genuine_bin/NFI-00604006.png,genuine_bin/NFI-00605006.png,1
60,7,genuine_bin/NFI-00701007.png,genuine_bin/NFI-00702007.png,1
61,7,genuine_bin/NFI-00701007.png,genuine_bin/NFI-00703007.png,1
62,7,genuine_bin/NFI-00701007.png,genuine_bin/NFI-00704007.png,1
63,7,genuine_bin/NFI-00701007.png,genuine_bin/NFI-00705007.png,1
64,7,genuine_bin/NFI-00702007.png,genuine_bin/NFI-00703007.png,1
65,7,genuine_bin/NFI-00702007.png,genuine_bin/NFI-00704007.png,1
66,7,genuine_bin/NFI-00702007.png,genuine_bin/NFI-00705007.png,1
67,7,genuine_bin/NFI-00703007.png,genuine_bin/NFI-00704007.png,1
68,7,genuine_bin/NFI-00703007.png,genuine_bin/NFI-00705007.png,1
69,7,genuine_bin/NFI-00704007.png,genuine_bin/NFI-00705007.png,1
70,8,genuine_bin/NFI-00801008.png,genuine_bin/NFI-00802008.png,1
71,8,genuine_bin/NFI-00801008.png,genuine_bin/NFI-00803008.png,1
72,8,genuine_bin/NFI-00801008.png,genuine_bin/NFI-00804008.png,1
73,8,genuine_bin/NFI-00801008.png,genuine_bin/NFI-00805008.png,1
74,8,genuine_bin/NFI-00802008.png,genuine_bin/NFI-00803008.png,1
75,8,genuine_bin/NFI-00802008.png,genuine_bin/NFI-00804008.png,1
76,8,genuine_bin/NFI-00802008.png,genuine_bin/NFI-00805008.png,1
77,8,genuine_bin/NFI-00803008.png,genuine_bin/NFI-00804008.png,1
78,8,genuine_bin/NFI-00803008.png,genuine_bin/NFI-00805008.png,1
79,8,genuine_bin/NFI-00804008.png,genuine_bin/NFI-00805008.png,1
80,9,genuine_bin/NFI-00901009.png,genuine_bin/NFI-00902009.png,1
81,9,genuine_bin/NFI-00901009.png,genuine_bin/NFI-00903009.png,1
82,9,genuine_bin/NFI-00901009.png,genuine_bin/NFI-00904009.png,1
83,9,genuine_bin/NFI-00901009.png,genuine_bin/NFI-00905009.png,1
84,9,genuine_bin/NFI-00902009.png,genuine_bin/NFI-00903009.png,1
85,9,genuine_bin/NFI-00902009.png,genuine_bin/NFI-00904009.png,1
86,9,genuine_bin/NFI-00902009.png,genuine_bin/NFI-00905009.png,1
87,9,genuine_bin/NFI-00903009.png,genuine_bin/NFI-00904009.png,1
88,9,genuine_bin/NFI-00903009.png,genuine_bin/NFI-00905009.png,1
89,9,genuine_bin/NFI-00904009.png,genuine_bin/NFI-00905009.png,1
90,10,genuine_bin/NFI-01001010.png,genuine_bin/NFI-01002010.png,1
91,10,genuine_bin/NFI-01001010.png,genuine_bin/NFI-01003010.png,1
92,10,genuine_bin/NFI-01001010.png,genuine_bin/NFI-01004010.png,1
93,10,genuine_bin/NFI-01001010.png,genuine_bin/NFI-01005010.png,1
94,10,genuine_bin/NFI-01002010.png,genuine_bin/NFI-01003010.png,1
95,10,genuine_bin/NFI-01002010.png,genuine_bin/NFI-01004010.png,1
96,10,genuine_bin/NFI-01002010.png,genuine_bin/NFI-01005010.png,1
97,10,genuine_bin/NFI-01003010.png,genuine_bin/NFI-01004010.png,1
98,10,genuine_bin/NFI-01003010.png,genuine_bin/NFI-01005010.png,1
99,10,genuine_bin/NFI-01004010.png,genuine_bin/NFI-01005010.png,1
100,11,genuine_bin/NFI-01101011.png,genuine_bin/NFI-01102011.png,1
101,11,genuine_bin/NFI-01101011.png,genuine_bin/NFI-01103011.png,1
102,11,genuine_bin/NFI-01101011.png,genuine_bin/NFI-01104011.png,1
103,11,genuine_bin/NFI-01101011.png,genuine_bin/NFI-01105011.png,1
104,11,genuine_bin/NFI-01102011.png,genuine_bin/NFI-01103011.png,1
105,11,genuine_bin/NFI-01102011.png,genuine_bin/NFI-01104011.png,1
106,11,genuine_bin/NFI-01102011.png,genuine_bin/NFI-01105011.png,1
107,11,genuine_bin/NFI-01103011.png,genuine_bin/NFI-01104011.png,1
108,11,genuine_bin/NFI-01103011.png,genuine_bin/NFI-01105011.png,1
109,11,genuine_bin/NFI-01104011.png,genuine_bin/NFI-01105011.png,1
110,12,genuine_bin/NFI-01201012.png,genuine_bin/NFI-01202012.png,1
111,12,genuine_bin/NFI-01201012.png,genuine_bin/NFI-01203012.png,1
112,12,genuine_bin/NFI-01201012.png,genuine_bin/NFI-01204012.png,1
113,12,genuine_bin/NFI-01201012.png,genuine_bin/NFI-01205012.png,1
114,12,genuine_bin/NFI-01202012.png,genuine_bin/NFI-01203012.png,1
115,12,genuine_bin/NFI-01202012.png,genuine_bin/NFI-01204012.png,1
116,12,genuine_bin/NFI-01202012.png,genuine_bin/NFI-01205012.png,1
117,12,genuine_bin/NFI-01203012.png,genuine_bin/NFI-01204012.png,1
118,12,genuine_bin/NFI-01203012.png,genuine_bin/NFI-01205012.png,1
119,12,genuine_bin/NFI-01204012.png,genuine_bin/NFI-01205012.png,1
120,13,genuine_bin/NFI-01301013.png,genuine_bin/NFI-01302013.png,1
121,13,genuine_bin/NFI-01301013.png,genuine_bin/NFI-01303013.png,1
122,13,genuine_bin/NFI-01301013.png,genuine_bin/NFI-01304013.png,1
123,13,genuine_bin/NFI-01301013.png,genuine_bin/NFI-01305013.png,1
124,13,genuine_bin/NFI-01302013.png,genuine_bin/NFI-01303013.png,1
125,13,genuine_bin/NFI-01302013.png,genuine_bin/NFI-01304013.png,1
126,13,genuine_bin/NFI-01302013.png,genuine_bin/NFI-01305013.png,1
127,13,genuine_bin/NFI-01303013.png,genuine_bin/NFI-01304013.png,1
128,13,genuine_bin/NFI-01303013.png,genuine_bin/NFI-01305013.png,1
129,13,genuine_bin/NFI-01304013.png,genuine_bin/NFI-01305013.png,1
130,14,genuine_bin/NFI-01401014.png,genuine_bin/NFI-01402014.png,1
131,14,genuine_bin/NFI-01401014.png,genuine_bin/NFI-01403014.png,1
132,14,genuine_bin/NFI-01401014.png,genuine_bin/NFI-01404014.png,1
133,14,genuine_bin/NFI-01401014.png,genuine_bin/NFI-01405014.png,1
134,14,genuine_bin/NFI-01402014.png,genuine_bin/NFI-01403014.png,1
135,14,genuine_bin/NFI-01402014.png,genuine_bin/NFI-01404014.png,1
136,14,genuine_bin/NFI-01402014.png,genuine_bin/NFI-01405014.png,1
137,14,genuine_bin/NFI-01403014.png,genuine_bin/NFI-01404014.png,1
138,14,genuine_bin/NFI-01403014.png,genuine_bin/NFI-01405014.png,1
139,14,genuine_bin/NFI-01404014.png,genuine_bin/NFI-01405014.png,1
140,15,genuine_bin/NFI-01501015.png,genuine_bin/NFI-01502015.png,1
141,15,genuine_bin/NFI-01501015.png,genuine_bin/NFI-01503015.png,1
142,15,genuine_bin/NFI-01501015.png,genuine_bin/NFI-01504015.png,1
143,15,genuine_bin/NFI-01501015.png,genuine_bin/NFI-01505015.png,1
144,15,genuine_bin/NFI-01502015.png,genuine_bin/NFI-01503015.png,1
145,15,genuine_bin/NFI-01502015.png,genuine_bin/NFI-01504015.png,1
146,15,genuine_bin/NFI-01502015.png,genuine_bin/NFI-01505015.png,1
147,15,genuine_bin/NFI-01503015.png,genuine_bin/NFI-01504015.png,1
148,15,genuine_bin/NFI-01503015.png,genuine_bin/NFI-01505015.png,1
149,15,genuine_bin/NFI-01504015.png,genuine_bin/NFI-01505015.png,1
150,16,genuine_bin/NFI-01601016.png,genuine_bin/NFI-01602016.png,1
151,16,genuine_bin/NFI-01601016.png,genuine_bin/NFI-01603016.png,1
152,16,genuine_bin/NFI-01601016.png,genuine_bin/NFI-01604016.png,1
153,16,genuine_bin/NFI-01601016.png,genuine_bin/NFI-01605016.png,1
154,16,genuine_bin/NFI-01602016.png,genuine_bin/NFI-01603016.png,1
155,16,genuine_bin/NFI-01602016.png,genuine_bin/NFI-01604016.png,1
156,16,genuine_bin/NFI-01602016.png,genuine_bin/NFI-01605016.png,1
157,16,genuine_bin/NFI-01603016.png,genuine_bin/NFI-01604016.png,1
158,16,genuine_bin/NFI-01603016.png,genuine_bin/NFI-01605016.png,1
159,16,genuine_bin/NFI-01604016.png,genuine_bin/NFI-01605016.png,1
160,17,genuine_bin/NFI-01701017.png,genuine_bin/NFI-01702017.png,1
161,17,genuine_bin/NFI-01701017.png,genuine_bin/NFI-01703017.png,1
162,17,genuine_bin/NFI-01701017.png,genuine_bin/NFI-01704017.png,1
163,17,genuine_bin/NFI-01701017.png,genuine_bin/NFI-01705017.png,1
164,17,genuine_bin/NFI-01702017.png,genuine_bin/NFI-01703017.png,1
165,17,genuine_bin/NFI-01702017.png,genuine_bin/NFI-01704017.png,1
166,17,genuine_bin/NFI-01702017.png,genuine_bin/NFI-01705017.png,1
167,17,genuine_bin/NFI-01703017.png,genuine_bin/NFI-01704017.png,1
168,17,genuine_bin/NFI-01703017.png,genuine_bin/NFI-01705017.png,1
169,17,genuine_bin/NFI-01704017.png,genuine_bin/NFI-01705017.png,1
170,18,genuine_bin/NFI-01801018.png,genuine_bin/NFI-01802018.png,1
171,18,genuine_bin/NFI-01801018.png,genuine_bin/NFI-01803018.png,1
172,18,genuine_bin/NFI-01801018.png,genuine_bin/NFI-01804018.png,1
173,18,genuine_bin/NFI-01801018.png,genuine_bin/NFI-01805018.png,1
174,18,genuine_bin/NFI-01802018.png,genuine_bin/NFI-01803018.png,1
175,18,genuine_bin/NFI-01802018.png,genuine_bin/NFI-01804018.png,1
176,18,genuine_bin/NFI-01802018.png,genuine_bin/NFI-01805018.png,1
177,18,genuine_bin/NFI-01803018.png,genuine_bin/NFI-01804018.png,1
178,18,genuine_bin/NFI-01803018.png,genuine_bin/NFI-01805018.png,1
179,18,genuine_bin/NFI-01804018.png,genuine_bin/NFI-01805018.png,1
180,19,genuine_bin/NFI-01901019.png,genuine_bin/NFI-01902019.png,1
181,19,genuine_bin/NFI-01901019.png,genuine_bin/NFI-01903019.png,1
182,19,genuine_bin/NFI-01901019.png,genuine_bin/NFI-01904019.png,1
183,19,genuine_bin/NFI-01901019.png,genuine_bin/NFI-01905019.png,1
184,19,genuine_bin/NFI-01902019.png,genuine_bin/NFI-01903019.png,1
185,19,genuine_bin/NFI-01902019.png,genuine_bin/NFI-01904019.png,1
186,19,genuine_bin/NFI-01902019.png,genuine_bin/NFI-01905019.png,1
187,19,genuine_bin/NFI-01903019.png,genuine_bin/NFI-01904019.png,1
188,19,genuine_bin/NFI-01903019.png,genuine_bin/NFI-01905019.png,1
189,19,genuine_bin/NFI-01904019.png,genuine_bin/NFI-01905019.png,1
190,20,genuine_bin/NFI-02001020.png,genuine_bin/NFI-02002020.png,1
191,20,genuine_bin/NFI-02001020.png,genuine_bin/NFI-02003020.png,1
192,20,genuine_bin/NFI-02001020.png,genuine_bin/NFI-02004020.png,1
193,20,genuine_bin/NFI-02001020.png,genuine_bin/NFI-02005020.png,1
194,20,genuine_bin/NFI-02002020.png,genuine_bin/NFI-02003020.png,1
195,20,genuine_bin/NFI-02002020.png,genuine_bin/NFI-02004020.png,1
196,20,genuine_bin/NFI-02002020.png,genuine_bin/NFI-02005020.png,1
197,20,genuine_bin/NFI-02003020.png,genuine_bin/NFI-02004020.png,1
198,20,genuine_bin/NFI-02003020.png,genuine_bin/NFI-02005020.png,1
199,20,genuine_bin/NFI-02004020.png,genuine_bin/NFI-02005020.png,1
200,21,genuine_bin/NFI-02101021.png,genuine_bin/NFI-02102021.png,1
201,21,genuine_bin/NFI-02101021.png,genuine_bin/NFI-02103021.png,1
202,21,genuine_bin/NFI-02101021.png,genuine_bin/NFI-02104021.png,1
203,21,genuine_bin/NFI-02101021.png,genuine_bin/NFI-02105021.png,1
204,21,genuine_bin/NFI-02102021.png,genuine_bin/NFI-02103021.png,1
205,21,genuine_bin/NFI-02102021.png,genuine_bin/NFI-02104021.png,1
206,21,genuine_bin/NFI-02102021.png,genuine_bin/NFI-02105021.png,1
207,21,genuine_bin/NFI-02103021.png,genuine_bin/NFI-02104021.png,1
208,21,genuine_bin/NFI-02103021.png,genuine_bin/NFI-02105021.png,1
209,21,genuine_bin/NFI-02104021.png,genuine_bin/NFI-02105021.png,1
210,22,genuine_bin/NFI-02201022.png,genuine_bin/NFI-02202022.png,1
211,22,genuine_bin/NFI-02201022.png,genuine_bin/NFI-02203022.png,1
212,22,genuine_bin/NFI-02201022.png,genuine_bin/NFI-02204022.png,1
213,22,genuine_bin/NFI-02201022.png,genuine_bin/NFI-02205022.png,1
214,22,genuine_bin/NFI-02202022.png,genuine_bin/NFI-02203022.png,1
215,22,genuine_bin/NFI-02202022.png,genuine_bin/NFI-02204022.png,1
216,22,genuine_bin/NFI-02202022.png,genuine_bin/NFI-02205022.png,1
217,22,genuine_bin/NFI-02203022.png,genuine_bin/NFI-02204022.png,1
218,22,genuine_bin/NFI-02203022.png,genuine_bin/NFI-02205022.png,1
219,22,genuine_bin/NFI-02204022.png,genuine_bin/NFI-02205022.png,1
220,23,genuine_bin/NFI-02301023.png,genuine_bin/NFI-02302023.png,1
221,23,genuine_bin/NFI-02301023.png,genuine_bin/NFI-02303023.png,1
222,23,genuine_bin/NFI-02301023.png,genuine_bin/NFI-02304023.png,1
223,23,genuine_bin/NFI-02301023.png,genuine_bin/NFI-02305023.png,1
224,23,genuine_bin/NFI-02302023.png,genuine_bin/NFI-02303023.png,1
225,23,genuine_bin/NFI-02302023.png,genuine_bin/NFI-02304023.png,1
226,23,genuine_bin/NFI-02302023.png,genuine_bin/NFI-02305023.png,1
227,23,genuine_bin/NFI-02303023.png,genuine_bin/NFI-02304023.png,1
228,23,genuine_bin/NFI-02303023.png,genuine_bin/NFI-02305023.png,1
229,23,genuine_bin/NFI-02304023.png,genuine_bin/NFI-02305023.png,1
230,24,genuine_bin/NFI-02401024.png,genuine_bin/NFI-02402024.png,1
231,24,genuine_bin/NFI-02401024.png,genuine_bin/NFI-02403024.png,1
232,24,genuine_bin/NFI-02401024.png,genuine_bin/NFI-02404024.png,1
233,24,genuine_bin/NFI-02401024.png,genuine_bin/NFI-02405024.png,1
234,24,genuine_bin/NFI-02402024.png,genuine_bin/NFI-02403024.png,1
235,24,genuine_bin/NFI-02402024.png,genuine_bin/NFI-02404024.png,1
236,24,genuine_bin/NFI-02402024.png,genuine_bin/NFI-02405024.png,1
237,24,genuine_bin/NFI-02403024.png,genuine_bin/NFI-02404024.png,1
238,24,genuine_bin/NFI-02403024.png,genuine_bin/NFI-02405024.png,1
239,24,genuine_bin/NFI-02404024.png,genuine_bin/NFI-02405024.png,1
240,25,genuine_bin/NFI-02501025.PNG,genuine_bin/NFI-02502025.PNG,1
241,25,genuine_bin/NFI-02501025.PNG,genuine_bin/NFI-02503025.PNG,1
242,25,genuine_bin/NFI-02501025.PNG,genuine_bin/NFI-02504025.PNG,1
243,25,genuine_bin/NFI-02501025.PNG,genuine_bin/NFI-02505025.PNG,1
244,25,genuine_bin/NFI-02502025.PNG,genuine_bin/NFI-02503025.PNG,1
245,25,genuine_bin/NFI-02502025.PNG,genuine_bin/NFI-02504025.PNG,1
246,25,genuine_bin/NFI-02502025.PNG,genuine_bin/NFI-02505025.PNG,1
247,25,genuine_bin/NFI-02503025.PNG,genuine_bin/NFI-02504025.PNG,1
248,25,genuine_bin/NFI-02503025.PNG,genuine_bin/NFI-02505025.PNG,1
249,25,genuine_bin/NFI-02504025.PNG,genuine_bin/NFI-02505025.PNG,1
250,26,genuine_bin/NFI-02601026.PNG,genuine_bin/NFI-02602026.PNG,1
251,26,genuine_bin/NFI-02601026.PNG,genuine_bin/NFI-02603026.PNG,1
252,26,genuine_bin/NFI-02601026.PNG,genuine_bin/NFI-02604026.PNG,1
253,26,genuine_bin/NFI-02601026.PNG,genuine_bin/NFI-02605026.PNG,1
254,26,genuine_bin/NFI-02602026.PNG,genuine_bin/NFI-02603026.PNG,1
255,26,genuine_bin/NFI-02602026.PNG,genuine_bin/NFI-02604026.PNG,1
256,26,genuine_bin/NFI-02602026.PNG,genuine_bin/NFI-02605026.PNG,1
257,26,genuine_bin/NFI-02603026.PNG,genuine_bin/NFI-02604026.PNG,1
258,26,genuine_bin/NFI-02603026.PNG,genuine_bin/NFI-02605026.PNG,1
259,26,genuine_bin/NFI-02604026.PNG,genuine_bin/NFI-02605026.PNG,1
260,27,genuine_bin/NFI-02701027.PNG,genuine_bin/NFI-02702027.PNG,1
261,27,genuine_bin/NFI-02701027.PNG,genuine_bin/NFI-02703027.PNG,1
262,27,genuine_bin/NFI-02701027.PNG,genuine_bin/NFI-02704027.PNG,1
263,27,genuine_bin/NFI-02701027.PNG,genuine_bin/NFI-02705027.PNG,1
264,27,genuine_bin/NFI-02702027.PNG,genuine_bin/NFI-02703027.PNG,1
265,27,genuine_bin/NFI-02702027.PNG,genuine_bin/NFI-02704027.PNG,1
266,27,genuine_bin/NFI-02702027.PNG,genuine_bin/NFI-02705027.PNG,1
267,27,genuine_bin/NFI-02703027.PNG,genuine_bin/NFI-02704027.PNG,1
268,27,genuine_bin/NFI-02703027.PNG,genuine_bin/NFI-02705027.PNG,1
269,27,genuine_bin/NFI-02704027.PNG,genuine_bin/NFI-02705027.PNG,1
270,28,genuine_bin/NFI-02801028.PNG,genuine_bin/NFI-02802028.PNG,1
271,28,genuine_bin/NFI-02801028.PNG,genuine_bin/NFI-02803028.PNG,1
272,28,genuine_bin/NFI-02801028.PNG,genuine_bin/NFI-02804028.PNG,1
273,28,genuine_bin/NFI-02801028.PNG,genuine_bin/NFI-02805028.PNG,1
274,28,genuine_bin/NFI-02802028.PNG,genuine_bin/NFI-02803028.PNG,1
275,28,genuine_bin/NFI-02802028.PNG,genuine_bin/NFI-02804028.PNG,1
276,28,genuine_bin/NFI-02802028.PNG,genuine_bin/NFI-02805028.PNG,1
277,28,genuine_bin/NFI-02803028.PNG,genuine_bin/NFI-02804028.PNG,1
278,28,genuine_bin/NFI-02803028.PNG,genuine_bin/NFI-02805028.PNG,1
279,28,genuine_bin/NFI-02804028.PNG,genuine_bin/NFI-02805028.PNG,1
280,29,genuine_bin/NFI-02901029.PNG,genuine_bin/NFI-02902029.PNG,1
281,29,genuine_bin/NFI-02901029.PNG,genuine_bin/NFI-02903029.PNG,1
282,29,genuine_bin/NFI-02901029.PNG,genuine_bin/NFI-02904029.PNG,1
283,29,genuine_bin/NFI-02901029.PNG,genuine_bin/NFI-02905029.PNG,1
284,29,genuine_bin/NFI-02902029.PNG,genuine_bin/NFI-02903029.PNG,1
285,29,genuine_bin/NFI-02902029.PNG,genuine_bin/NFI-02904029.PNG,1
286,29,genuine_bin/NFI-02902029.PNG,genuine_bin/NFI-02905029.PNG,1
287,29,genuine_bin/NFI-02903029.PNG,genuine_bin/NFI-02904029.PNG,1
288,29,genuine_bin/NFI-02903029.PNG,genuine_bin/NFI-02905029.PNG,1
289,29,genuine_bin/NFI-02904029.PNG,genuine_bin/NFI-02905029.PNG,1
290,30,genuine_bin/NFI-03001030.PNG,genuine_bin/NFI-03002030.PNG,1
291,30,genuine_bin/NFI-03001030.PNG,genuine_bin/NFI-03003030.PNG,1
292,30,genuine_bin/NFI-03001030.PNG,genuine_bin/NFI-03004030.PNG,1
293,30,genuine_bin/NFI-03001030.PNG,genuine_bin/NFI-03005030.PNG,1
294,30,genuine_bin/NFI-03002030.PNG,genuine_bin/NFI-03003030.PNG,1
295,30,genuine_bin/NFI-03002030.PNG,genuine_bin/NFI-03004030.PNG,1
296,30,genuine_bin/NFI-03002030.PNG,genuine_bin/NFI-03005030.PNG,1
297,30,genuine_bin/NFI-03003030.PNG,genuine_bin/NFI-03004030.PNG,1
298,30,genuine_bin/NFI-03003030.PNG,genuine_bin/NFI-03005030.PNG,1
299,30,genuine_bin/NFI-03004030.PNG,genuine_bin/NFI-03005030.PNG,1
